qseqid	sseqid	pident	length	mismatch	gapopen	qstart	qend	sstart	send	evalue	bitscore	sense	bed_name	tag
AAEL_ORF---RLX-comp_Aegypti_third-B-G15545-Map6_reversed***Gypsy_2	Ae_aeg_Aag2_ctg_1913/ctg_1913:92201-102201	70.811	185	54	0	934	1118	9965	9411	0.0	299.0	pos	AAEL_ORF---RLX-comp_Aegypti_third-B-G15545-Map6_reversed***Gypsy_2	HOST
AAEL_ORF---RLX-comp_Aegypti_third-B-G15545-Map6_reversed***Gypsy_2	Ae_aeg_Aag2_ctg_1913/ctg_1913:70767-80767	33.333	111	66	3	300	406	9066	9386	1.52e-11	61.6	pos	AAEL_ORF---RLX-comp_Aegypti_third-B-G15545-Map6_reversed***Gypsy_2	HOST
AAEL_ORF---RLX-comp_Aegypti_third-B-G15545-Map6_reversed***Gypsy_2	Ae_aeg_Aag2_ctg_1913/ctg_1913:99902-109902	38.235	102	63	0	737	838	2857	2552	0.0	58.5	pos	AAEL_ORF---RLX-comp_Aegypti_third-B-G15545-Map6_reversed***Gypsy_2	HOST
AAEL_ORF---RLX-comp_Aegypti_third-B-G15545-Map6_reversed***Gypsy_2	Ae_aeg_Aag2_ctg_1913/ctg_1913:99902-109902	36.255	251	128	8	162	395	4606	3899	3.21e-25	106.0	pos	AAEL_ORF---RLX-comp_Aegypti_third-B-G15545-Map6_reversed***Gypsy_2	HOST
AAEL_ORF---RLX-comp_Aegypti_third-B-G15545-Map6_reversed***Gypsy_2	Ae_aeg_Aag2_ctg_1913/ctg_1913:99902-109902	67.424	132	37	2	604	734	3263	2883	0.0	178.0	pos	AAEL_ORF---RLX-comp_Aegypti_third-B-G15545-Map6_reversed***Gypsy_2	HOST
AAEL_ORF---RLX-comp_Aegypti_third-B-G15545-Map6_reversed***Gypsy_2	Ae_aeg_Aag2_ctg_1913/ctg_1913:37949-47949	50.0	210	103	1	1	210	4706	4083	0.0	218.0	pos	AAEL_ORF---RLX-comp_Aegypti_third-B-G15545-Map6_reversed***Gypsy_2	HOST
AAEL_ORF---RLX-comp_Aegypti_third-B-G15545-Map6_reversed***Gypsy_2	Ae_aeg_Aag2_ctg_1913/ctg_1913:37931-47931	65.62	605	200	4	225	828	4069	2276	0.0	822.0	pos	AAEL_ORF---RLX-comp_Aegypti_third-B-G15545-Map6_reversed***Gypsy_2	HOST
AAEL_ORF---RLX-comp_Aegypti_third-B-G15545-Map6_reversed***Gypsy_2	Ae_aeg_Aag2_ctg_1913/ctg_1913:37949-47949	59.73	370	147	1	835	1204	2241	1138	0.0	473.0	pos	AAEL_ORF---RLX-comp_Aegypti_third-B-G15545-Map6_reversed***Gypsy_2	HOST
AAEL_ORF---RLX-comp_Aegypti_third-B-G15545-Map6_reversed***Gypsy_2	Ae_aeg_Aag2_ctg_1913/ctg_1913:99902-109902	64.0	50	18	0	436	485	3779	3630	1.91e-14	71.2	pos	AAEL_ORF---RLX-comp_Aegypti_third-B-G15545-Map6_reversed***Gypsy_2	HOST
AAEL_ORF---RLX-comp_Aegypti_third-B-G15545-Map6_reversed***Gypsy_2	Ae_aeg_Aag2_ctg_1913/ctg_1913:114913-116197	52.174	46	22	0	577	622	1263	1126	1.08e-24	47.0	pos	AAEL_ORF---RLX-comp_Aegypti_third-B-G15545-Map6_reversed***Gypsy_2	HOST
AAEL_ORF---RLX-comp_Aegypti_third-B-G15545-Map6_reversed***Gypsy_2	Ae_aeg_Aag2_ctg_1913/ctg_1913:99902-109902	52.688	93	42	1	1113	1205	1728	1456	0.0	97.4	pos	AAEL_ORF---RLX-comp_Aegypti_third-B-G15545-Map6_reversed***Gypsy_2	HOST
AAEL_ORF---RLX-comp_Aegypti_third-B-R1305-Map20_reversed***Gypsy_3	Ae_aeg_Aag2_ctg_1913/ctg_1913:32874-42874	58.942	643	246	7	203	843	9156	7276	0.0	759.0	pos	AAEL_ORF---RLX-comp_Aegypti_third-B-R1305-Map20_reversed***Gypsy_3	HOST
AAEL_ORF---RLX-comp_Aegypti_third-B-R1305-Map20_reversed***Gypsy_3	Ae_aeg_Aag2_ctg_1913/ctg_1913:99902-109902	99.13	115	1	0	725	839	2878	2534	0.0	229.0	pos	AAEL_ORF---RLX-comp_Aegypti_third-B-R1305-Map20_reversed***Gypsy_3	HOST
AAEL_ORF---RLX-comp_Aegypti_third-B-R1305-Map20_reversed***Gypsy_3	Ae_aeg_Aag2_ctg_1913/ctg_1913:99902-109902	82.09	268	27	4	1	257	5048	4275	0.0	416.0	pos	AAEL_ORF---RLX-comp_Aegypti_third-B-R1305-Map20_reversed***Gypsy_3	HOST
AAEL_ORF---RLX-comp_Aegypti_third-B-R1305-Map20_reversed***Gypsy_3	Ae_aeg_Aag2_ctg_1913/ctg_1913:92201-102201	100.0	185	0	0	929	1113	9965	9411	0.0	391.0	pos	AAEL_ORF---RLX-comp_Aegypti_third-B-R1305-Map20_reversed***Gypsy_3	HOST
AAEL_ORF---RLX-comp_Aegypti_third-B-R1305-Map20_reversed***Gypsy_3	Ae_aeg_Aag2_ctg_1913/ctg_1913:99902-109902	91.304	46	4	0	428	473	3767	3630	1.53e-20	91.3	pos	AAEL_ORF---RLX-comp_Aegypti_third-B-R1305-Map20_reversed***Gypsy_3	HOST
AAEL_ORF---RLX-comp_Aegypti_third-B-R1305-Map20_reversed***Gypsy_3	Ae_aeg_Aag2_ctg_1913/ctg_1913:114913-116197	48.101	79	41	0	614	692	1117	881	2.46e-23	78.6	pos	AAEL_ORF---RLX-comp_Aegypti_third-B-R1305-Map20_reversed***Gypsy_3	HOST
AAEL_ORF---RLX-comp_Aegypti_third-B-R1305-Map20_reversed***Gypsy_3	Ae_aeg_Aag2_ctg_1913/ctg_1913:32874-42874	56.522	368	160	0	830	1197	7316	6213	0.0	468.0	pos	AAEL_ORF---RLX-comp_Aegypti_third-B-R1305-Map20_reversed***Gypsy_3	HOST
AAEL_ORF---RLX-comp_Aegypti_third-B-R1305-Map20_reversed***Gypsy_3	Ae_aeg_Aag2_ctg_1913/ctg_1913:99902-109902	49.393	247	105	6	147	383	4609	3899	1.38e-41	160.0	pos	AAEL_ORF---RLX-comp_Aegypti_third-B-R1305-Map20_reversed***Gypsy_3	HOST
AAEL_ORF---RLX-comp_Aegypti_third-B-R1305-Map20_reversed***Gypsy_3	Ae_aeg_Aag2_ctg_1913/ctg_1913:92201-102201	95.652	92	2	1	1109	1198	9432	9157	0.0	171.0	pos	AAEL_ORF---RLX-comp_Aegypti_third-B-R1305-Map20_reversed***Gypsy_3	HOST
AAEL_ORF---RLX-comp_Aegypti_third-B-R1305-Map20_reversed***Gypsy_3	Ae_aeg_Aag2_ctg_1913/ctg_1913:99902-109902	88.889	135	10	1	593	727	3260	2871	0.0	239.0	pos	AAEL_ORF---RLX-comp_Aegypti_third-B-R1305-Map20_reversed***Gypsy_3	HOST
AAEL_ORF---RLX-comp_Aegypti_third-B-R6299-Map20***Gypsy_2	Ae_aeg_Aag2_ctg_1913/ctg_1913:99902-109902	39.815	108	51	3	738	838	2854	2552	0.0	55.1	pos	AAEL_ORF---RLX-comp_Aegypti_third-B-R6299-Map20***Gypsy_2	HOST
AAEL_ORF---RLX-comp_Aegypti_third-B-R6299-Map20***Gypsy_2	Ae_aeg_Aag2_ctg_1913/ctg_1913:99902-109902	64.0	50	18	0	436	485	3779	3630	1.34e-14	71.2	pos	AAEL_ORF---RLX-comp_Aegypti_third-B-R6299-Map20***Gypsy_2	HOST
AAEL_ORF---RLX-comp_Aegypti_third-B-R6299-Map20***Gypsy_2	Ae_aeg_Aag2_ctg_1913/ctg_1913:99902-109902	36.255	251	128	8	162	395	4606	3899	1.73e-25	106.0	pos	AAEL_ORF---RLX-comp_Aegypti_third-B-R6299-Map20***Gypsy_2	HOST
AAEL_ORF---RLX-comp_Aegypti_third-B-R6299-Map20***Gypsy_2	Ae_aeg_Aag2_ctg_1913/ctg_1913:32874-42874	50.0	210	103	1	1	210	9781	9158	0.0	218.0	pos	AAEL_ORF---RLX-comp_Aegypti_third-B-R6299-Map20***Gypsy_2	HOST
AAEL_ORF---RLX-comp_Aegypti_third-B-R6299-Map20***Gypsy_2	Ae_aeg_Aag2_ctg_1913/ctg_1913:114913-116197	52.174	46	22	0	577	622	1263	1126	8.46e-25	46.6	pos	AAEL_ORF---RLX-comp_Aegypti_third-B-R6299-Map20***Gypsy_2	HOST
AAEL_ORF---RLX-comp_Aegypti_third-B-R6299-Map20***Gypsy_2	Ae_aeg_Aag2_ctg_1913/ctg_1913:37931-47931	65.62	605	200	4	225	828	4069	2276	0.0	822.0	pos	AAEL_ORF---RLX-comp_Aegypti_third-B-R6299-Map20***Gypsy_2	HOST
AAEL_ORF---RLX-comp_Aegypti_third-B-R6299-Map20***Gypsy_2	Ae_aeg_Aag2_ctg_1913/ctg_1913:99902-109902	67.424	132	37	2	604	734	3263	2883	0.0	178.0	pos	AAEL_ORF---RLX-comp_Aegypti_third-B-R6299-Map20***Gypsy_2	HOST
AAEL_ORF---RLX-comp_Aegypti_third-B-R6299-Map20***Gypsy_2	Ae_aeg_Aag2_ctg_1913/ctg_1913:70767-80767	33.333	111	66	3	300	406	9066	9386	1.12e-11	61.6	pos	AAEL_ORF---RLX-comp_Aegypti_third-B-R6299-Map20***Gypsy_2	HOST
AAEL_ORF---RLX-comp_Aegypti_third-B-R6299-Map20***Gypsy_2	Ae_aeg_Aag2_ctg_1913/ctg_1913:99902-109902	65.217	69	24	0	844	912	2535	2329	0.0	103.0	pos	AAEL_ORF---RLX-comp_Aegypti_third-B-R6299-Map20***Gypsy_2	HOST
AAEL_ORF---RLX-incomp_Aegypti_third-B-G15695-Map7_reversed***Gypsy_2	Ae_aeg_Aag2_ctg_1913/ctg_1913:99902-109902	65.217	69	24	0	830	898	2535	2329	0.0	103.0	pos	AAEL_ORF---RLX-incomp_Aegypti_third-B-G15695-Map7_reversed***Gypsy_2	HOST
AAEL_ORF---RLX-incomp_Aegypti_third-B-G15695-Map7_reversed***Gypsy_2	Ae_aeg_Aag2_ctg_1913/ctg_1913:99902-109902	64.0	50	18	0	422	471	3779	3630	1.27e-14	71.2	pos	AAEL_ORF---RLX-incomp_Aegypti_third-B-G15695-Map7_reversed***Gypsy_2	HOST
AAEL_ORF---RLX-incomp_Aegypti_third-B-G15695-Map7_reversed***Gypsy_2	Ae_aeg_Aag2_ctg_1913/ctg_1913:99902-109902	36.255	251	128	8	148	381	4606	3899	1.63e-25	106.0	pos	AAEL_ORF---RLX-incomp_Aegypti_third-B-G15695-Map7_reversed***Gypsy_2	HOST
AAEL_ORF---RLX-incomp_Aegypti_third-B-G15695-Map7_reversed***Gypsy_2	Ae_aeg_Aag2_ctg_1913/ctg_1913:32874-42874	50.0	196	96	1	1	196	9739	9158	0.0	206.0	pos	AAEL_ORF---RLX-incomp_Aegypti_third-B-G15695-Map7_reversed***Gypsy_2	HOST
AAEL_ORF---RLX-incomp_Aegypti_third-B-G15695-Map7_reversed***Gypsy_2	Ae_aeg_Aag2_ctg_1913/ctg_1913:37931-47931	65.455	605	201	4	211	814	4069	2276	0.0	821.0	pos	AAEL_ORF---RLX-incomp_Aegypti_third-B-G15695-Map7_reversed***Gypsy_2	HOST
AAEL_ORF---RLX-incomp_Aegypti_third-B-G15695-Map7_reversed***Gypsy_2	Ae_aeg_Aag2_ctg_1913/ctg_1913:99902-109902	40.741	108	50	3	724	824	2854	2552	0.0	57.4	pos	AAEL_ORF---RLX-incomp_Aegypti_third-B-G15695-Map7_reversed***Gypsy_2	HOST
AAEL_ORF---RLX-incomp_Aegypti_third-B-G15695-Map7_reversed***Gypsy_2	Ae_aeg_Aag2_ctg_1913/ctg_1913:99902-109902	66.667	132	38	2	590	720	3263	2883	0.0	176.0	pos	AAEL_ORF---RLX-incomp_Aegypti_third-B-G15695-Map7_reversed***Gypsy_2	HOST
AAEL_ORF---RLX-incomp_Aegypti_third-B-G15695-Map7_reversed***Gypsy_2	Ae_aeg_Aag2_ctg_1913/ctg_1913:114913-116197	44.944	89	49	0	602	690	1147	881	8.74e-25	79.3	pos	AAEL_ORF---RLX-incomp_Aegypti_third-B-G15695-Map7_reversed***Gypsy_2	HOST
AAEL_ORF---RLX-incomp_Aegypti_third-L-M1674-Map1***Gypsy_3	Ae_aeg_Aag2_ctg_1913/ctg_1913:37931-47931	34.462	502	302	10	209	694	3997	2525	0.0	278.0	pos	AAEL_ORF---RLX-incomp_Aegypti_third-L-M1674-Map1***Gypsy_3	HOST
AAEL_ORF---RLX-incomp_Aegypti_third-L-M1674-Map1***Gypsy_3	Ae_aeg_Aag2_ctg_1913/ctg_1913:92201-102201	24.183	153	115	1	797	948	9965	9507	3.2e-14	70.1	pos	AAEL_ORF---RLX-incomp_Aegypti_third-L-M1674-Map1***Gypsy_3	HOST
AAEL_ORF---RLX-incomp_Aegypti_third-L-M1674-Map1***Gypsy_3	Ae_aeg_Aag2_ctg_1913/ctg_1913:32874-42874	24.415	299	198	8	695	977	7337	6477	1.05e-22	97.8	pos	AAEL_ORF---RLX-incomp_Aegypti_third-L-M1674-Map1***Gypsy_3	HOST
AAEL_ORF---RLX-incomp_Aegypti_third-L-M1674-Map1***Gypsy_3	Ae_aeg_Aag2_ctg_1913/ctg_1913:70767-80767	36.765	204	121	4	1	198	8266	8871	0.0	114.0	pos	AAEL_ORF---RLX-incomp_Aegypti_third-L-M1674-Map1***Gypsy_3	HOST
AAEL_ORF---RLX-incomp_Aegypti_third-L-M1674-Map1***Gypsy_3	Ae_aeg_Aag2_ctg_1913/ctg_1913:114913-116197	34.524	84	54	1	584	667	1135	887	9.44e-11	57.8	pos	AAEL_ORF---RLX-incomp_Aegypti_third-L-M1674-Map1***Gypsy_3	HOST
AAEL_ORF---RYX-incomp-chim_Aegypti_third-L-M26-Map20_reversed***Gypsy_3	Ae_aeg_Aag2_ctg_1913/ctg_1913:99902-109902	91.304	46	4	0	428	473	3767	3630	1.22e-20	91.3	pos	AAEL_ORF---RYX-incomp-chim_Aegypti_third-L-M26-Map20_reversed***Gypsy_3	HOST
AAEL_ORF---RYX-incomp-chim_Aegypti_third-L-M26-Map20_reversed***Gypsy_3	Ae_aeg_Aag2_ctg_1913/ctg_1913:114913-116197	48.101	79	41	0	614	692	1117	881	2.33e-23	78.2	pos	AAEL_ORF---RYX-incomp-chim_Aegypti_third-L-M26-Map20_reversed***Gypsy_3	HOST
AAEL_ORF---RYX-incomp-chim_Aegypti_third-L-M26-Map20_reversed***Gypsy_3	Ae_aeg_Aag2_ctg_1913/ctg_1913:99902-109902	88.889	135	10	1	593	727	3260	2871	0.0	240.0	pos	AAEL_ORF---RYX-incomp-chim_Aegypti_third-L-M26-Map20_reversed***Gypsy_3	HOST
AAEL_ORF---RYX-incomp-chim_Aegypti_third-L-M26-Map20_reversed***Gypsy_3	Ae_aeg_Aag2_ctg_1913/ctg_1913:37949-47949	57.803	173	73	0	830	1002	2241	1723	0.0	232.0	pos	AAEL_ORF---RYX-incomp-chim_Aegypti_third-L-M26-Map20_reversed***Gypsy_3	HOST
AAEL_ORF---RYX-incomp-chim_Aegypti_third-L-M26-Map20_reversed***Gypsy_3	Ae_aeg_Aag2_ctg_1913/ctg_1913:92201-102201	100.0	74	0	0	929	1002	9965	9744	9.93e-41	150.0	pos	AAEL_ORF---RYX-incomp-chim_Aegypti_third-L-M26-Map20_reversed***Gypsy_3	HOST
AAEL_ORF---RYX-incomp-chim_Aegypti_third-L-M26-Map20_reversed***Gypsy_3	Ae_aeg_Aag2_ctg_1913/ctg_1913:99902-109902	49.393	247	105	6	147	383	4609	3899	1.05e-41	159.0	pos	AAEL_ORF---RYX-incomp-chim_Aegypti_third-L-M26-Map20_reversed***Gypsy_3	HOST
AAEL_ORF---RYX-incomp-chim_Aegypti_third-L-M26-Map20_reversed***Gypsy_3	Ae_aeg_Aag2_ctg_1913/ctg_1913:99902-109902	99.13	115	1	0	725	839	2878	2534	0.0	230.0	pos	AAEL_ORF---RYX-incomp-chim_Aegypti_third-L-M26-Map20_reversed***Gypsy_3	HOST
AAEL_ORF---RYX-incomp-chim_Aegypti_third-L-M26-Map20_reversed***Gypsy_3	Ae_aeg_Aag2_ctg_1913/ctg_1913:37949-47949	58.942	643	246	7	203	843	4081	2201	0.0	759.0	pos	AAEL_ORF---RYX-incomp-chim_Aegypti_third-L-M26-Map20_reversed***Gypsy_3	HOST
AAEL_ORF---RYX-incomp-chim_Aegypti_third-L-M26-Map20_reversed***Gypsy_3	Ae_aeg_Aag2_ctg_1913/ctg_1913:99902-109902	82.09	268	27	4	1	257	5048	4275	0.0	417.0	pos	AAEL_ORF---RYX-incomp-chim_Aegypti_third-L-M26-Map20_reversed***Gypsy_3	HOST
AALF_RLX-incomp_R_2192***Gypsy_1	Ae_aeg_Aag2_ctg_1913/ctg_1913:37949-47949	78.976	371	78	0	624	994	2247	1135	0.0	631.0	pos	AALF_RLX-incomp_R_2192***Gypsy_1	HOST
AALF_RLX-incomp_R_2192***Gypsy_1	Ae_aeg_Aag2_ctg_1913/ctg_1913:37931-47931	76.961	612	141	0	10	621	4105	2270	0.0	1008.0	pos	AALF_RLX-incomp_R_2192***Gypsy_1	HOST
AALF_RLX-incomp_R_2192***Gypsy_1	Ae_aeg_Aag2_ctg_1913/ctg_1913:99902-109902	65.405	185	64	0	725	909	2264	1710	0.0	269.0	pos	AALF_RLX-incomp_R_2192***Gypsy_1	HOST
AALF_RLX-incomp_R_2192***Gypsy_1	Ae_aeg_Aag2_ctg_1913/ctg_1913:99902-109902	69.903	103	30	1	421	522	3218	2910	0.0	157.0	pos	AALF_RLX-incomp_R_2192***Gypsy_1	HOST
AALF_RLX-incomp_R_2192***Gypsy_1	Ae_aeg_Aag2_ctg_1913/ctg_1913:92201-102201	40.0	90	54	0	904	993	9429	9160	0.0	74.3	pos	AALF_RLX-incomp_R_2192***Gypsy_1	HOST
AALF_RLX-incomp_R_2192***Gypsy_1	Ae_aeg_Aag2_ctg_1913/ctg_1913:114913-116197	42.857	42	24	0	374	415	1263	1138	2.97e-18	35.8	pos	AALF_RLX-incomp_R_2192***Gypsy_1	HOST
AALF_RLX-incomp_R_2192***Gypsy_1	Ae_aeg_Aag2_ctg_1913/ctg_1913:99902-109902	33.981	103	64	2	538	637	2833	2528	0.0	51.6	pos	AALF_RLX-incomp_R_2192***Gypsy_1	HOST
AJXUM01S000384m17_392180_387832***Gypsy_2	Ae_aeg_Aag2_ctg_1913/ctg_1913:114913-116197	90.217	92	6	1	3	91	1147	872	0.0	170.0	pos	AJXUM01S000384m17_392180_387832***Gypsy_2	HOST
AJXUM01S001884m7_226511_219740***Gypsy_3	Ae_aeg_Aag2_ctg_1913/ctg_1913:37931-47931	23.975	317	223	7	628	935	2130	1207	2.14e-21	93.6	pos	AJXUM01S001884m7_226511_219740***Gypsy_3	HOST
AJXUM01S001884m7_226511_219740***Gypsy_3	Ae_aeg_Aag2_ctg_1913/ctg_1913:32874-42874	33.898	472	299	8	87	554	9084	7696	0.0	267.0	pos	AJXUM01S001884m7_226511_219740***Gypsy_3	HOST
AJXUM01S001884m7_226511_219740***Gypsy_3	Ae_aeg_Aag2_ctg_1913/ctg_1913:114913-116197	35.714	98	61	2	455	552	1183	896	4.98e-12	61.6	pos	AJXUM01S001884m7_226511_219740***Gypsy_3	HOST
AJXUM01S001884m7_226511_219740***Gypsy_3	Ae_aeg_Aag2_ctg_1913/ctg_1913:99902-109902	28.931	318	219	5	152	466	4185	3244	8.67e-31	124.0	pos	AJXUM01S001884m7_226511_219740***Gypsy_3	HOST
AJXUM01S001912p5_171862_174318***Gypsy_1	Ae_aeg_Aag2_ctg_1913/ctg_1913:37931-47931	36.082	194	123	1	2	195	3379	2801	1.27e-39	137.0	pos	AJXUM01S001912p5_171862_174318***Gypsy_1	HOST
AJXUM01S002129p0_4_5664***Gypsy_1	Ae_aeg_Aag2_ctg_1913/ctg_1913:99902-109902	64.0	50	18	0	365	414	3779	3630	5.29e-16	75.1	pos	AJXUM01S002129p0_4_5664***Gypsy_1	HOST
AJXUM01S002129p0_4_5664***Gypsy_1	Ae_aeg_Aag2_ctg_1913/ctg_1913:99902-109902	55.352	327	138	3	225	548	4194	3229	0.0	343.0	pos	AJXUM01S002129p0_4_5664***Gypsy_1	HOST
AJXUM01S002129p0_4_5664***Gypsy_1	Ae_aeg_Aag2_ctg_1913/ctg_1913:99902-109902	71.795	78	22	0	543	620	3248	3015	0.0	122.0	pos	AJXUM01S002129p0_4_5664***Gypsy_1	HOST
AJXUM01S002129p0_4_5664***Gypsy_1	Ae_aeg_Aag2_ctg_1913/ctg_1913:32874-42874	69.379	467	143	0	154	620	9126	7726	0.0	704.0	pos	AJXUM01S002129p0_4_5664***Gypsy_1	HOST
AJXUM01S002129p0_4_5664***Gypsy_1	Ae_aeg_Aag2_ctg_1913/ctg_1913:37931-47931	56.391	133	56	1	7	139	4493	4101	0.0	159.0	pos	AJXUM01S002129p0_4_5664***Gypsy_1	HOST
AJXUM01S002180m9_198940_195011***Gypsy_3	Ae_aeg_Aag2_ctg_1913/ctg_1913:99902-109902	30.986	142	91	4	109	246	4185	3769	9.81e-11	55.8	pos	AJXUM01S002180m9_198940_195011***Gypsy_3	HOST
AJXUM01S002180m9_198940_195011***Gypsy_3	Ae_aeg_Aag2_ctg_1913/ctg_1913:70767-80767	77.083	144	33	0	47	190	8877	9308	0.0	236.0	pos	AJXUM01S002180m9_198940_195011***Gypsy_3	HOST
AJXUM01S003297p2_83439_86669***Gypsy_2	Ae_aeg_Aag2_ctg_1913/ctg_1913:114913-116197	42.857	42	24	0	363	404	1263	1138	2.91e-18	35.8	pos	AJXUM01S003297p2_83439_86669***Gypsy_2	HOST
AJXUM01S003297p2_83439_86669***Gypsy_2	Ae_aeg_Aag2_ctg_1913/ctg_1913:99902-109902	65.405	185	64	0	714	898	2264	1710	0.0	269.0	pos	AJXUM01S003297p2_83439_86669***Gypsy_2	HOST
AJXUM01S003297p2_83439_86669***Gypsy_2	Ae_aeg_Aag2_ctg_1913/ctg_1913:32874-42874	78.976	371	78	0	613	983	7322	6210	0.0	631.0	pos	AJXUM01S003297p2_83439_86669***Gypsy_2	HOST
AJXUM01S003297p2_83439_86669***Gypsy_2	Ae_aeg_Aag2_ctg_1913/ctg_1913:99902-109902	34.579	107	66	2	523	626	2845	2528	0.0	53.9	pos	AJXUM01S003297p2_83439_86669***Gypsy_2	HOST
AJXUM01S003297p2_83439_86669***Gypsy_2	Ae_aeg_Aag2_ctg_1913/ctg_1913:99902-109902	69.903	103	30	1	410	511	3218	2910	0.0	157.0	pos	AJXUM01S003297p2_83439_86669***Gypsy_2	HOST
AJXUM01S003297p2_83439_86669***Gypsy_2	Ae_aeg_Aag2_ctg_1913/ctg_1913:37931-47931	78.089	607	133	0	4	610	4090	2270	0.0	1013.0	pos	AJXUM01S003297p2_83439_86669***Gypsy_2	HOST
AJXUM01S003297p2_83439_86669***Gypsy_2	Ae_aeg_Aag2_ctg_1913/ctg_1913:92201-102201	40.0	90	54	0	893	982	9429	9160	0.0	74.3	pos	AJXUM01S003297p2_83439_86669***Gypsy_2	HOST
AJXUM01S004830p5_40031_46743***Gypsy_6	Ae_aeg_Aag2_ctg_1913/ctg_1913:70767-80767	85.526	152	22	0	209	360	8865	9320	0.0	269.0	pos	AJXUM01S004830p5_40031_46743***Gypsy_6	HOST
AJXUM01S004830p5_40031_46743***Gypsy_6	Ae_aeg_Aag2_ctg_1913/ctg_1913:70767-80767	48.325	209	84	3	5	201	8254	8844	0.0	167.0	pos	AJXUM01S004830p5_40031_46743***Gypsy_6	HOST
AJXUM01S005108m0_10236_1260***Gypsy_7	Ae_aeg_Aag2_ctg_1913/ctg_1913:114913-116197	35.714	98	61	2	437	534	1183	896	4.95e-12	61.6	pos	AJXUM01S005108m0_10236_1260***Gypsy_7	HOST
AJXUM01S005108m0_10236_1260***Gypsy_7	Ae_aeg_Aag2_ctg_1913/ctg_1913:37931-47931	33.898	472	299	8	69	536	4027	2639	0.0	268.0	pos	AJXUM01S005108m0_10236_1260***Gypsy_7	HOST
AJXUM01S005108m0_10236_1260***Gypsy_7	Ae_aeg_Aag2_ctg_1913/ctg_1913:37949-47949	23.975	317	223	7	610	917	2112	1189	1.9e-21	93.6	pos	AJXUM01S005108m0_10236_1260***Gypsy_7	HOST
AJXUM01S005108m0_10236_1260***Gypsy_7	Ae_aeg_Aag2_ctg_1913/ctg_1913:99902-109902	28.931	318	219	5	134	448	4185	3244	9.99e-31	124.0	pos	AJXUM01S005108m0_10236_1260***Gypsy_7	HOST
AJXUM01S005584p2_17137_23370***Gypsy_3	Ae_aeg_Aag2_ctg_1913/ctg_1913:114913-116197	89.394	66	7	0	211	276	857	660	4.61e-33	124.0	pos	AJXUM01S005584p2_17137_23370***Gypsy_3	HOST
AJXUM01S005584p2_17137_23370***Gypsy_3	Ae_aeg_Aag2_ctg_1913/ctg_1913:37931-47931	41.206	199	104	1	1	199	3199	2642	2.26e-40	149.0	pos	AJXUM01S005584p2_17137_23370***Gypsy_3	HOST
AJXUM01S005584p2_17137_23370***Gypsy_3	Ae_aeg_Aag2_ctg_1913/ctg_1913:114913-116197	78.571	112	24	0	115	226	1147	812	0.0	186.0	pos	AJXUM01S005584p2_17137_23370***Gypsy_3	HOST
AJXUM01S005843p3_96087_98741***Gypsy_1	Ae_aeg_Aag2_ctg_1913/ctg_1913:32874-42874	58.649	370	151	1	297	666	7316	6213	0.0	466.0	pos	AJXUM01S005843p3_96087_98741***Gypsy_1	HOST
AJXUM01S005843p3_96087_98741***Gypsy_1	Ae_aeg_Aag2_ctg_1913/ctg_1913:99902-109902	48.387	93	46	1	575	667	1728	1456	0.0	90.1	pos	AJXUM01S005843p3_96087_98741***Gypsy_1	HOST
AJXUM01S005843p3_96087_98741***Gypsy_1	Ae_aeg_Aag2_ctg_1913/ctg_1913:32874-42874	54.983	291	123	4	1	290	8184	7333	0.0	310.0	pos	AJXUM01S005843p3_96087_98741***Gypsy_1	HOST
AJXUM01S005843p3_96087_98741***Gypsy_1	Ae_aeg_Aag2_ctg_1913/ctg_1913:99902-109902	37.037	108	68	0	199	306	2857	2534	0.0	56.6	pos	AJXUM01S005843p3_96087_98741***Gypsy_1	HOST
AJXUM01S005843p3_96087_98741***Gypsy_1	Ae_aeg_Aag2_ctg_1913/ctg_1913:99902-109902	70.43	186	55	0	396	581	2264	1707	0.0	307.0	pos	AJXUM01S005843p3_96087_98741***Gypsy_1	HOST
AJXUM01S006522m0_4197_2***Gypsy_3	Ae_aeg_Aag2_ctg_1913/ctg_1913:99902-109902	30.233	43	30	0	414	456	3767	3639	4.51e-12	28.5	pos	AJXUM01S006522m0_4197_2***Gypsy_3	HOST
AJXUM01S006522m0_4197_2***Gypsy_3	Ae_aeg_Aag2_ctg_1913/ctg_1913:70767-80767	48.325	209	84	3	5	201	8254	8844	0.0	168.0	pos	AJXUM01S006522m0_4197_2***Gypsy_3	HOST
AJXUM01S006522m0_4197_2***Gypsy_3	Ae_aeg_Aag2_ctg_1913/ctg_1913:70767-80767	87.162	148	19	0	209	356	8865	9308	0.0	268.0	pos	AJXUM01S006522m0_4197_2***Gypsy_3	HOST
AJXUM01S008574m1_53090_47233***Gypsy_2	Ae_aeg_Aag2_ctg_1913/ctg_1913:37949-47949	39.761	503	285	4	32	534	4078	2624	0.0	367.0	pos	AJXUM01S008574m1_53090_47233***Gypsy_2	HOST
AJXUM01S008574m1_53090_47233***Gypsy_2	Ae_aeg_Aag2_ctg_1913/ctg_1913:99902-109902	33.136	338	200	6	116	448	4194	3244	0.0	162.0	pos	AJXUM01S008574m1_53090_47233***Gypsy_2	HOST
AJXUM01S008574m1_53090_47233***Gypsy_2	Ae_aeg_Aag2_ctg_1913/ctg_1913:114913-116197	92.553	94	7	0	448	541	1153	872	0.0	187.0	pos	AJXUM01S008574m1_53090_47233***Gypsy_2	HOST
AJXUM01S008574m1_53090_47233***Gypsy_2	Ae_aeg_Aag2_ctg_1913/ctg_1913:114913-116197	93.939	66	4	0	546	611	857	660	0.0	125.0	pos	AJXUM01S008574m1_53090_47233***Gypsy_2	HOST
AJXUM01S009261m1_46820_44392***Gypsy_1	Ae_aeg_Aag2_ctg_1913/ctg_1913:32874-42874	24.0	325	215	8	235	543	7187	6261	5.22e-21	90.5	pos	AJXUM01S009261m1_46820_44392***Gypsy_1	HOST
AJXUM01S009261m1_46820_44392***Gypsy_1	Ae_aeg_Aag2_ctg_1913/ctg_1913:37931-47931	35.0	160	103	1	4	163	3109	2633	3.08e-25	103.0	pos	AJXUM01S009261m1_46820_44392***Gypsy_1	HOST
AJXUM01S011541p0_2593_8218***Gypsy_5	Ae_aeg_Aag2_ctg_1913/ctg_1913:37949-47949	39.362	188	112	2	19	206	3172	2615	1.22e-36	140.0	pos	AJXUM01S011541p0_2593_8218***Gypsy_5	HOST
AJXUM01S011541p0_2593_8218***Gypsy_5	Ae_aeg_Aag2_ctg_1913/ctg_1913:32874-42874	22.047	381	246	11	233	585	7337	6264	1.38e-22	95.9	pos	AJXUM01S011541p0_2593_8218***Gypsy_5	HOST
AJXUM01S011541p0_2593_8218***Gypsy_5	Ae_aeg_Aag2_ctg_1913/ctg_1913:114913-116197	35.714	84	53	1	122	205	1135	887	2.3e-11	58.9	pos	AJXUM01S011541p0_2593_8218***Gypsy_5	HOST
AJXUM01S011541p0_2593_8218***Gypsy_5	Ae_aeg_Aag2_ctg_1913/ctg_1913:92201-102201	22.222	153	118	1	335	486	9965	9507	1.12e-13	67.4	pos	AJXUM01S011541p0_2593_8218***Gypsy_5	HOST
AJXUM01S023330m0_1663_177***Gypsy_1	Ae_aeg_Aag2_ctg_1913/ctg_1913:37949-47949	71.171	222	64	0	2	223	4033	3368	0.0	338.0	pos	AJXUM01S023330m0_1663_177***Gypsy_1	HOST
AJXUM01S075338p0_3136_8430***Gypsy_4	Ae_aeg_Aag2_ctg_1913/ctg_1913:37949-47949	36.531	271	165	5	4	270	3826	3023	0.0	180.0	pos	AJXUM01S075338p0_3136_8430***Gypsy_4	HOST
AJXUM01S079837p0_1_2181***Gypsy_1	Ae_aeg_Aag2_ctg_1913/ctg_1913:99902-109902	65.873	126	42	1	411	535	3248	2871	0.0	166.0	pos	AJXUM01S079837p0_1_2181***Gypsy_1	HOST
AJXUM01S079837p0_1_2181***Gypsy_1	Ae_aeg_Aag2_ctg_1913/ctg_1913:99902-109902	32.432	111	72	2	531	639	2863	2534	0.0	50.4	pos	AJXUM01S079837p0_1_2181***Gypsy_1	HOST
AJXUM01S079837p0_1_2181***Gypsy_1	Ae_aeg_Aag2_ctg_1913/ctg_1913:99902-109902	64.0	50	18	0	233	282	3779	3630	5.35e-16	75.1	pos	AJXUM01S079837p0_1_2181***Gypsy_1	HOST
AJXUM01S079837p0_1_2181***Gypsy_1	Ae_aeg_Aag2_ctg_1913/ctg_1913:114913-116197	47.826	46	24	0	374	419	1263	1126	3.03e-26	49.7	pos	AJXUM01S079837p0_1_2181***Gypsy_1	HOST
AJXUM01S079837p0_1_2181***Gypsy_1	Ae_aeg_Aag2_ctg_1913/ctg_1913:99902-109902	64.615	65	23	0	639	703	2535	2341	0.0	97.4	pos	AJXUM01S079837p0_1_2181***Gypsy_1	HOST
AJXUM01S079837p0_1_2181***Gypsy_1	Ae_aeg_Aag2_ctg_1913/ctg_1913:37931-47931	61.29	620	228	5	22	639	4069	2240	0.0	780.0	pos	AJXUM01S079837p0_1_2181***Gypsy_1	HOST
AJXUM01S097193m0_1645_1***Gypsy_1	Ae_aeg_Aag2_ctg_1913/ctg_1913:99902-109902	80.374	107	20	1	274	379	2854	2534	0.0	163.0	pos	AJXUM01S097193m0_1645_1***Gypsy_1	HOST
AJXUM01S097193m0_1645_1***Gypsy_1	Ae_aeg_Aag2_ctg_1913/ctg_1913:92201-102201	89.61	77	8	0	469	545	9965	9735	1.32e-39	147.0	pos	AJXUM01S097193m0_1645_1***Gypsy_1	HOST
AJXUM01S097193m0_1645_1***Gypsy_1	Ae_aeg_Aag2_ctg_1913/ctg_1913:99902-109902	80.469	128	20	1	139	266	3260	2892	0.0	211.0	pos	AJXUM01S097193m0_1645_1***Gypsy_1	HOST
AJXUM01S097193m0_1645_1***Gypsy_1	Ae_aeg_Aag2_ctg_1913/ctg_1913:32874-42874	57.955	176	74	0	370	545	7316	6789	0.0	231.0	pos	AJXUM01S097193m0_1645_1***Gypsy_1	HOST
AJXUM01S097193m0_1645_1***Gypsy_1	Ae_aeg_Aag2_ctg_1913/ctg_1913:37931-47931	55.236	382	155	9	6	383	3328	2219	0.0	400.0	pos	AJXUM01S097193m0_1645_1***Gypsy_1	HOST
AJXUM01S121989m0_827_2***Gypsy_1	Ae_aeg_Aag2_ctg_1913/ctg_1913:37931-47931	81.379	145	27	0	1	145	3832	3398	0.0	250.0	pos	AJXUM01S121989m0_827_2***Gypsy_1	HOST
Asupercont1.1051m1_28072_21861***Gypsy_2	Ae_aeg_Aag2_ctg_1913/ctg_1913:70767-80767	99.487	195	1	0	211	405	8871	9455	0.0	395.0	pos	Asupercont1.1051m1_28072_21861***Gypsy_2	HOST
Asupercont1.1051m1_28072_21861***Gypsy_2	Ae_aeg_Aag2_ctg_1913/ctg_1913:70767-80767	65.517	232	55	4	1	219	8242	8901	0.0	264.0	pos	Asupercont1.1051m1_28072_21861***Gypsy_2	HOST
Asupercont1.106m207_1070424_1062760***Gypsy_1	Ae_aeg_Aag2_ctg_1913/ctg_1913:114913-116197	32.967	91	60	1	392	482	1165	896	9.91e-12	60.5	pos	Asupercont1.106m207_1070424_1062760***Gypsy_1	HOST
Asupercont1.106m207_1070424_1062760***Gypsy_1	Ae_aeg_Aag2_ctg_1913/ctg_1913:37931-47931	23.975	317	223	7	558	865	2130	1207	3.28e-21	92.8	pos	Asupercont1.106m207_1070424_1062760***Gypsy_1	HOST
Asupercont1.106m207_1070424_1062760***Gypsy_1	Ae_aeg_Aag2_ctg_1913/ctg_1913:70767-80767	96.667	150	5	0	18	167	8871	9320	0.0	295.0	pos	Asupercont1.106m207_1070424_1062760***Gypsy_1	HOST
Asupercont1.106m207_1070424_1062760***Gypsy_1	Ae_aeg_Aag2_ctg_1913/ctg_1913:99902-109902	21.463	205	142	4	615	818	2264	1704	5.01e-14	60.1	pos	Asupercont1.106m207_1070424_1062760***Gypsy_1	HOST
Asupercont1.1266m4_26595_22687***Gypsy_1	Ae_aeg_Aag2_ctg_1913/ctg_1913:37931-47931	71.516	488	138	1	22	509	4069	2609	0.0	752.0	pos	Asupercont1.1266m4_26595_22687***Gypsy_1	HOST
Asupercont1.1266m4_26595_22687***Gypsy_1	Ae_aeg_Aag2_ctg_1913/ctg_1913:114913-116197	52.174	46	22	0	374	419	1263	1126	7.1e-25	46.2	pos	Asupercont1.1266m4_26595_22687***Gypsy_1	HOST
Asupercont1.1266m4_26595_22687***Gypsy_1	Ae_aeg_Aag2_ctg_1913/ctg_1913:99902-109902	64.0	50	18	0	233	282	3779	3630	3.81e-15	71.2	pos	Asupercont1.1266m4_26595_22687***Gypsy_1	HOST
Asupercont1.1266m4_26595_22687***Gypsy_1	Ae_aeg_Aag2_ctg_1913/ctg_1913:99902-109902	71.56	109	26	1	401	509	3263	2952	1.4e-44	162.0	pos	Asupercont1.1266m4_26595_22687***Gypsy_1	HOST
Asupercont1.135p322_1800071_1805210***Gypsy_3	Ae_aeg_Aag2_ctg_1913/ctg_1913:32874-42874	83.558	371	61	0	143	513	7322	6210	0.0	663.0	pos	Asupercont1.135p322_1800071_1805210***Gypsy_3	HOST
Asupercont1.135p322_1800071_1805210***Gypsy_3	Ae_aeg_Aag2_ctg_1913/ctg_1913:99902-109902	58.163	196	82	0	244	439	2264	1677	0.0	258.0	pos	Asupercont1.135p322_1800071_1805210***Gypsy_3	HOST
Asupercont1.135p322_1800071_1805210***Gypsy_3	Ae_aeg_Aag2_ctg_1913/ctg_1913:92201-102201	46.154	91	47	1	424	512	9432	9160	1.72e-19	85.5	pos	Asupercont1.135p322_1800071_1805210***Gypsy_3	HOST
Asupercont1.135p322_1800071_1805210***Gypsy_3	Ae_aeg_Aag2_ctg_1913/ctg_1913:32874-42874	65.649	131	45	0	10	140	7719	7327	0.0	159.0	pos	Asupercont1.135p322_1800071_1805210***Gypsy_3	HOST
Asupercont1.144m242_1406460_1396264***Gypsy_4	Ae_aeg_Aag2_ctg_1913/ctg_1913:70767-80767	93.388	121	2	1	1	115	8946	9308	0.0	225.0	pos	Asupercont1.144m242_1406460_1396264***Gypsy_4	HOST
Asupercont1.144m242_1406460_1396264***Gypsy_5	Ae_aeg_Aag2_ctg_1913/ctg_1913:32874-42874	36.364	132	83	1	13	144	8436	8044	5.4e-25	92.8	pos	Asupercont1.144m242_1406460_1396264***Gypsy_5	HOST
Asupercont1.154m100_530982_519381***Gypsy_4	Ae_aeg_Aag2_ctg_1913/ctg_1913:70767-80767	33.333	111	66	3	300	406	9066	9386	1.67e-11	61.6	pos	Asupercont1.154m100_530982_519381***Gypsy_4	HOST
Asupercont1.154m100_530982_519381***Gypsy_4	Ae_aeg_Aag2_ctg_1913/ctg_1913:99902-109902	64.0	50	18	0	436	485	3779	3630	2.14e-14	71.2	pos	Asupercont1.154m100_530982_519381***Gypsy_4	HOST
Asupercont1.154m100_530982_519381***Gypsy_4	Ae_aeg_Aag2_ctg_1913/ctg_1913:92201-102201	43.077	65	35	1	1115	1177	9429	9235	0.0	50.4	pos	Asupercont1.154m100_530982_519381***Gypsy_4	HOST
Asupercont1.154m100_530982_519381***Gypsy_4	Ae_aeg_Aag2_ctg_1913/ctg_1913:32874-42874	58.721	344	142	0	835	1178	7316	6285	0.0	436.0	pos	Asupercont1.154m100_530982_519381***Gypsy_4	HOST
Asupercont1.154m100_530982_519381***Gypsy_4	Ae_aeg_Aag2_ctg_1913/ctg_1913:114913-116197	52.174	46	22	0	577	622	1263	1126	7.13e-25	46.6	pos	Asupercont1.154m100_530982_519381***Gypsy_4	HOST
Asupercont1.154m100_530982_519381***Gypsy_4	Ae_aeg_Aag2_ctg_1913/ctg_1913:99902-109902	70.811	185	54	0	934	1118	2264	1710	0.0	298.0	pos	Asupercont1.154m100_530982_519381***Gypsy_4	HOST
Asupercont1.154m100_530982_519381***Gypsy_4	Ae_aeg_Aag2_ctg_1913/ctg_1913:37931-47931	50.0	210	103	1	1	210	4724	4101	0.0	216.0	pos	Asupercont1.154m100_530982_519381***Gypsy_4	HOST
Asupercont1.154m100_530982_519381***Gypsy_4	Ae_aeg_Aag2_ctg_1913/ctg_1913:99902-109902	37.624	101	63	0	738	838	2854	2552	0.0	55.8	pos	Asupercont1.154m100_530982_519381***Gypsy_4	HOST
Asupercont1.154m100_530982_519381***Gypsy_4	Ae_aeg_Aag2_ctg_1913/ctg_1913:37931-47931	65.289	605	202	4	225	828	4069	2276	0.0	816.0	pos	Asupercont1.154m100_530982_519381***Gypsy_4	HOST
Asupercont1.154m100_530982_519381***Gypsy_4	Ae_aeg_Aag2_ctg_1913/ctg_1913:99902-109902	36.255	251	128	8	162	395	4606	3899	2.84e-25	107.0	pos	Asupercont1.154m100_530982_519381***Gypsy_4	HOST
Asupercont1.154m100_530982_519381***Gypsy_4	Ae_aeg_Aag2_ctg_1913/ctg_1913:99902-109902	66.667	132	38	2	604	734	3263	2883	0.0	174.0	pos	Asupercont1.154m100_530982_519381***Gypsy_4	HOST
Asupercont1.16m308_1585141_1579773***Gypsy_3	Ae_aeg_Aag2_ctg_1913/ctg_1913:99902-109902	45.055	91	48	1	351	439	1731	1459	9.08e-19	82.4	pos	Asupercont1.16m308_1585141_1579773***Gypsy_3	HOST
Asupercont1.16m308_1585141_1579773***Gypsy_3	Ae_aeg_Aag2_ctg_1913/ctg_1913:92201-102201	59.184	196	80	0	171	366	9965	9378	0.0	265.0	pos	Asupercont1.16m308_1585141_1579773***Gypsy_3	HOST
Asupercont1.16m308_1585141_1579773***Gypsy_3	Ae_aeg_Aag2_ctg_1913/ctg_1913:37949-47949	84.636	371	57	0	70	440	2247	1135	0.0	671.0	pos	Asupercont1.16m308_1585141_1579773***Gypsy_3	HOST
Asupercont1.177m14_91750_73839***Gypsy_8	Ae_aeg_Aag2_ctg_1913/ctg_1913:99902-109902	91.304	46	4	0	428	473	3767	3630	9.56e-21	91.3	pos	Asupercont1.177m14_91750_73839***Gypsy_8	HOST
Asupercont1.177m14_91750_73839***Gypsy_8	Ae_aeg_Aag2_ctg_1913/ctg_1913:92201-102201	100.0	45	0	0	929	973	9965	9831	2.07e-23	94.4	pos	Asupercont1.177m14_91750_73839***Gypsy_8	HOST
Asupercont1.177m14_91750_73839***Gypsy_8	Ae_aeg_Aag2_ctg_1913/ctg_1913:114913-116197	48.101	79	41	0	614	692	1117	881	2.14e-23	78.2	pos	Asupercont1.177m14_91750_73839***Gypsy_8	HOST
Asupercont1.177m14_91750_73839***Gypsy_8	Ae_aeg_Aag2_ctg_1913/ctg_1913:99902-109902	49.393	247	105	6	147	383	4609	3899	6.96e-42	160.0	pos	Asupercont1.177m14_91750_73839***Gypsy_8	HOST
Asupercont1.177m14_91750_73839***Gypsy_8	Ae_aeg_Aag2_ctg_1913/ctg_1913:99902-109902	100.0	91	0	0	839	929	2535	2263	0.0	192.0	pos	Asupercont1.177m14_91750_73839***Gypsy_8	HOST
Asupercont1.177m14_91750_73839***Gypsy_8	Ae_aeg_Aag2_ctg_1913/ctg_1913:32874-42874	58.942	643	246	7	203	843	9156	7276	0.0	759.0	pos	Asupercont1.177m14_91750_73839***Gypsy_8	HOST
Asupercont1.177m14_91750_73839***Gypsy_8	Ae_aeg_Aag2_ctg_1913/ctg_1913:99902-109902	99.13	115	1	0	725	839	2878	2534	0.0	230.0	pos	Asupercont1.177m14_91750_73839***Gypsy_8	HOST
Asupercont1.177m14_91750_73839***Gypsy_8	Ae_aeg_Aag2_ctg_1913/ctg_1913:99902-109902	88.889	135	10	1	593	727	3260	2871	0.0	240.0	pos	Asupercont1.177m14_91750_73839***Gypsy_8	HOST
Asupercont1.177m14_91750_73839***Gypsy_8	Ae_aeg_Aag2_ctg_1913/ctg_1913:99902-109902	82.09	268	27	4	1	257	5048	4275	0.0	417.0	pos	Asupercont1.177m14_91750_73839***Gypsy_8	HOST
Asupercont1.177m14_91750_73839***Gypsy_9	Ae_aeg_Aag2_ctg_1913/ctg_1913:92201-102201	95.652	92	2	1	141	230	9432	9157	0.0	171.0	pos	Asupercont1.177m14_91750_73839***Gypsy_9	HOST
Asupercont1.177m14_91750_73839***Gypsy_9	Ae_aeg_Aag2_ctg_1913/ctg_1913:92201-102201	98.601	143	2	0	3	145	9839	9411	0.0	301.0	pos	Asupercont1.177m14_91750_73839***Gypsy_9	HOST
Asupercont1.1m205_1185915_1176941***Gypsy_6	Ae_aeg_Aag2_ctg_1913/ctg_1913:92201-102201	67.677	198	64	0	101	298	9965	9372	0.0	305.0	pos	Asupercont1.1m205_1185915_1176941***Gypsy_6	HOST
Asupercont1.1m205_1185915_1176941***Gypsy_6	Ae_aeg_Aag2_ctg_1913/ctg_1913:92201-102201	48.387	93	46	1	280	372	9429	9157	7e-22	90.9	pos	Asupercont1.1m205_1185915_1176941***Gypsy_6	HOST
Asupercont1.1m205_1185915_1176941***Gypsy_6	Ae_aeg_Aag2_ctg_1913/ctg_1913:37931-47931	58.649	370	151	1	2	371	2259	1156	0.0	459.0	pos	Asupercont1.1m205_1185915_1176941***Gypsy_6	HOST
Asupercont1.209p39_280770_291863***Gypsy_9	Ae_aeg_Aag2_ctg_1913/ctg_1913:99902-109902	100.0	91	0	0	243	333	2535	2263	0.0	193.0	pos	Asupercont1.209p39_280770_291863***Gypsy_9	HOST
Asupercont1.209p39_280770_291863***Gypsy_9	Ae_aeg_Aag2_ctg_1913/ctg_1913:99902-109902	91.603	131	10	1	1	131	3260	2871	0.0	239.0	pos	Asupercont1.209p39_280770_291863***Gypsy_9	HOST
Asupercont1.209p39_280770_291863***Gypsy_9	Ae_aeg_Aag2_ctg_1913/ctg_1913:99902-109902	100.0	114	0	0	130	243	2875	2534	0.0	229.0	pos	Asupercont1.209p39_280770_291863***Gypsy_9	HOST
Asupercont1.20m528_3162468_3146664***Gypsy_5	Ae_aeg_Aag2_ctg_1913/ctg_1913:99902-109902	82.09	268	27	4	1	257	5048	4275	0.0	416.0	pos	Asupercont1.20m528_3162468_3146664***Gypsy_5	HOST
Asupercont1.20m528_3162468_3146664***Gypsy_5	Ae_aeg_Aag2_ctg_1913/ctg_1913:99902-109902	91.304	46	4	0	428	473	3767	3630	1.3e-20	91.3	pos	Asupercont1.20m528_3162468_3146664***Gypsy_5	HOST
Asupercont1.20m528_3162468_3146664***Gypsy_5	Ae_aeg_Aag2_ctg_1913/ctg_1913:99902-109902	88.889	135	10	1	593	727	3260	2871	0.0	239.0	pos	Asupercont1.20m528_3162468_3146664***Gypsy_5	HOST
Asupercont1.20m528_3162468_3146664***Gypsy_5	Ae_aeg_Aag2_ctg_1913/ctg_1913:37931-47931	58.942	643	246	7	203	843	4099	2219	0.0	759.0	pos	Asupercont1.20m528_3162468_3146664***Gypsy_5	HOST
Asupercont1.20m528_3162468_3146664***Gypsy_5	Ae_aeg_Aag2_ctg_1913/ctg_1913:99902-109902	99.13	115	1	0	725	839	2878	2534	0.0	230.0	pos	Asupercont1.20m528_3162468_3146664***Gypsy_5	HOST
Asupercont1.20m528_3162468_3146664***Gypsy_5	Ae_aeg_Aag2_ctg_1913/ctg_1913:99902-109902	49.393	247	105	6	147	383	4609	3899	1.38e-41	159.0	pos	Asupercont1.20m528_3162468_3146664***Gypsy_5	HOST
Asupercont1.20m528_3162468_3146664***Gypsy_5	Ae_aeg_Aag2_ctg_1913/ctg_1913:114913-116197	48.101	79	41	0	614	692	1117	881	2.36e-23	78.6	pos	Asupercont1.20m528_3162468_3146664***Gypsy_5	HOST
Asupercont1.20m528_3162468_3146664***Gypsy_5	Ae_aeg_Aag2_ctg_1913/ctg_1913:99902-109902	100.0	72	0	0	839	910	2535	2320	3.51e-40	155.0	pos	Asupercont1.20m528_3162468_3146664***Gypsy_5	HOST
Asupercont1.20m528_3162468_3146664***Gypsy_6	Ae_aeg_Aag2_ctg_1913/ctg_1913:37931-47931	52.381	168	80	0	1	168	1659	1156	0.0	198.0	pos	Asupercont1.20m528_3162468_3146664***Gypsy_6	HOST
Asupercont1.219p183_953341_964728***Gypsy_3	Ae_aeg_Aag2_ctg_1913/ctg_1913:70767-80767	84.459	148	23	0	192	339	8877	9320	0.0	256.0	pos	Asupercont1.219p183_953341_964728***Gypsy_3	HOST
Asupercont1.219p183_953341_964728***Gypsy_3	Ae_aeg_Aag2_ctg_1913/ctg_1913:70767-80767	70.526	95	28	0	93	187	8581	8865	0.0	150.0	pos	Asupercont1.219p183_953341_964728***Gypsy_3	HOST
Asupercont1.219p183_953341_964728***Gypsy_3	Ae_aeg_Aag2_ctg_1913/ctg_1913:37949-47949	24.383	324	213	8	730	1037	2112	1189	9.01e-21	91.7	pos	Asupercont1.219p183_953341_964728***Gypsy_3	HOST
Asupercont1.219p183_953341_964728***Gypsy_3	Ae_aeg_Aag2_ctg_1913/ctg_1913:37949-47949	32.323	495	296	9	255	733	3826	2411	0.0	266.0	pos	Asupercont1.219p183_953341_964728***Gypsy_3	HOST
Asupercont1.219p183_953341_964728***Gypsy_3	Ae_aeg_Aag2_ctg_1913/ctg_1913:114913-116197	35.714	98	61	2	557	654	1183	896	4.84e-12	62.0	pos	Asupercont1.219p183_953341_964728***Gypsy_3	HOST
Asupercont1.246m212_1132475_1118925***Gypsy_8	Ae_aeg_Aag2_ctg_1913/ctg_1913:114913-116197	32.967	91	60	1	273	363	1165	896	8.23e-12	60.5	pos	Asupercont1.246m212_1132475_1118925***Gypsy_8	HOST
Asupercont1.246m212_1132475_1118925***Gypsy_8	Ae_aeg_Aag2_ctg_1913/ctg_1913:37931-47931	34.67	424	262	7	21	442	3661	2429	0.0	241.0	pos	Asupercont1.246m212_1132475_1118925***Gypsy_8	HOST
Asupercont1.246m212_1132475_1118925***Gypsy_8	Ae_aeg_Aag2_ctg_1913/ctg_1913:32874-42874	23.659	317	224	7	439	746	7187	6264	4.2e-21	92.0	pos	Asupercont1.246m212_1132475_1118925***Gypsy_8	HOST
Asupercont1.270p155_835470_847447***Gypsy_9	Ae_aeg_Aag2_ctg_1913/ctg_1913:37949-47949	84.097	371	59	0	14	384	2247	1135	0.0	661.0	pos	Asupercont1.270p155_835470_847447***Gypsy_9	HOST
Asupercont1.270p155_835470_847447***Gypsy_9	Ae_aeg_Aag2_ctg_1913/ctg_1913:92201-102201	43.956	91	49	1	295	383	9432	9160	7.32e-18	78.6	pos	Asupercont1.270p155_835470_847447***Gypsy_9	HOST
Asupercont1.270p155_835470_847447***Gypsy_9	Ae_aeg_Aag2_ctg_1913/ctg_1913:92201-102201	58.673	196	81	0	115	310	9965	9378	0.0	259.0	pos	Asupercont1.270p155_835470_847447***Gypsy_9	HOST
Asupercont1.286m219_1357646_1347867***Gypsy_3	Ae_aeg_Aag2_ctg_1913/ctg_1913:70767-80767	65.368	231	55	4	1	218	8242	8898	0.0	262.0	pos	Asupercont1.286m219_1357646_1347867***Gypsy_3	HOST
Asupercont1.286m219_1357646_1347867***Gypsy_3	Ae_aeg_Aag2_ctg_1913/ctg_1913:37949-47949	23.659	317	224	7	751	1058	2112	1189	9.29e-21	91.7	pos	Asupercont1.286m219_1357646_1347867***Gypsy_3	HOST
Asupercont1.286m219_1357646_1347867***Gypsy_3	Ae_aeg_Aag2_ctg_1913/ctg_1913:114913-116197	32.967	91	60	1	585	675	1165	896	1.01e-11	60.8	pos	Asupercont1.286m219_1357646_1347867***Gypsy_3	HOST
Asupercont1.286m219_1357646_1347867***Gypsy_3	Ae_aeg_Aag2_ctg_1913/ctg_1913:99902-109902	21.463	205	142	4	808	1011	2264	1704	6.6e-14	60.1	pos	Asupercont1.286m219_1357646_1347867***Gypsy_3	HOST
Asupercont1.286m219_1357646_1347867***Gypsy_3	Ae_aeg_Aag2_ctg_1913/ctg_1913:70767-80767	97.333	150	4	0	211	360	8871	9320	0.0	298.0	pos	Asupercont1.286m219_1357646_1347867***Gypsy_3	HOST
Asupercont1.286p223_1325140_1325949***Gypsy_1	Ae_aeg_Aag2_ctg_1913/ctg_1913:114913-116197	98.462	65	1	0	205	269	854	660	0.0	132.0	pos	Asupercont1.286p223_1325140_1325949***Gypsy_1	HOST
Asupercont1.286p223_1325140_1325949***Gypsy_1	Ae_aeg_Aag2_ctg_1913/ctg_1913:114913-116197	95.745	94	4	0	106	199	1153	872	0.0	191.0	pos	Asupercont1.286p223_1325140_1325949***Gypsy_1	HOST
Asupercont1.286p223_1325140_1325949***Gypsy_1	Ae_aeg_Aag2_ctg_1913/ctg_1913:37949-47949	41.026	156	82	1	37	192	3061	2624	1.47e-30	113.0	pos	Asupercont1.286p223_1325140_1325949***Gypsy_1	HOST
Asupercont1.286p224_1329668_1339402***Gypsy_6	Ae_aeg_Aag2_ctg_1913/ctg_1913:99902-109902	91.304	46	4	0	428	473	3767	3630	1.01e-20	91.3	pos	Asupercont1.286p224_1329668_1339402***Gypsy_6	HOST
Asupercont1.286p224_1329668_1339402***Gypsy_6	Ae_aeg_Aag2_ctg_1913/ctg_1913:99902-109902	88.148	135	11	1	593	727	3260	2871	0.0	238.0	pos	Asupercont1.286p224_1329668_1339402***Gypsy_6	HOST
Asupercont1.286p224_1329668_1339402***Gypsy_6	Ae_aeg_Aag2_ctg_1913/ctg_1913:92201-102201	88.372	43	5	0	929	971	9965	9837	2.78e-17	80.1	pos	Asupercont1.286p224_1329668_1339402***Gypsy_6	HOST
Asupercont1.286p224_1329668_1339402***Gypsy_6	Ae_aeg_Aag2_ctg_1913/ctg_1913:99902-109902	99.13	115	1	0	725	839	2878	2534	0.0	229.0	pos	Asupercont1.286p224_1329668_1339402***Gypsy_6	HOST
Asupercont1.286p224_1329668_1339402***Gypsy_6	Ae_aeg_Aag2_ctg_1913/ctg_1913:32874-42874	59.242	633	240	7	213	843	9126	7276	0.0	757.0	pos	Asupercont1.286p224_1329668_1339402***Gypsy_6	HOST
Asupercont1.286p224_1329668_1339402***Gypsy_6	Ae_aeg_Aag2_ctg_1913/ctg_1913:99902-109902	47.266	256	97	7	147	383	4609	3899	3.48e-41	157.0	pos	Asupercont1.286p224_1329668_1339402***Gypsy_6	HOST
Asupercont1.286p224_1329668_1339402***Gypsy_6	Ae_aeg_Aag2_ctg_1913/ctg_1913:99902-109902	82.463	268	26	4	1	257	5048	4275	0.0	420.0	pos	Asupercont1.286p224_1329668_1339402***Gypsy_6	HOST
Asupercont1.286p224_1329668_1339402***Gypsy_6	Ae_aeg_Aag2_ctg_1913/ctg_1913:99902-109902	75.177	141	27	2	839	975	2535	2125	0.0	196.0	pos	Asupercont1.286p224_1329668_1339402***Gypsy_6	HOST
Asupercont1.286p224_1329668_1339402***Gypsy_6	Ae_aeg_Aag2_ctg_1913/ctg_1913:114913-116197	49.367	79	40	0	614	692	1117	881	7.18e-24	80.1	pos	Asupercont1.286p224_1329668_1339402***Gypsy_6	HOST
Asupercont1.299p240_1353291_1357795***Gypsy_2	Ae_aeg_Aag2_ctg_1913/ctg_1913:32874-42874	70.142	211	63	0	1	211	9790	9158	0.0	324.0	pos	Asupercont1.299p240_1353291_1357795***Gypsy_2	HOST
Asupercont1.299p240_1353291_1357795***Gypsy_2	Ae_aeg_Aag2_ctg_1913/ctg_1913:99902-109902	60.0	125	49	1	614	737	3248	2874	0.0	154.0	pos	Asupercont1.299p240_1353291_1357795***Gypsy_2	HOST
Asupercont1.299p240_1353291_1357795***Gypsy_2	Ae_aeg_Aag2_ctg_1913/ctg_1913:37949-47949	80.236	592	117	0	213	804	4087	2312	0.0	1004.0	pos	Asupercont1.299p240_1353291_1357795***Gypsy_2	HOST
Asupercont1.299p240_1353291_1357795***Gypsy_2	Ae_aeg_Aag2_ctg_1913/ctg_1913:114913-116197	41.304	46	27	0	577	622	1263	1126	8.22e-20	40.0	pos	Asupercont1.299p240_1353291_1357795***Gypsy_2	HOST
Asupercont1.304m196_1137723_1127515***Gypsy_3	Ae_aeg_Aag2_ctg_1913/ctg_1913:99902-109902	70.811	185	54	0	310	494	2264	1710	0.0	300.0	pos	Asupercont1.304m196_1137723_1127515***Gypsy_3	HOST
Asupercont1.304m196_1137723_1127515***Gypsy_3	Ae_aeg_Aag2_ctg_1913/ctg_1913:99902-109902	37.255	102	64	0	113	214	2857	2552	0.0	55.5	pos	Asupercont1.304m196_1137723_1127515***Gypsy_3	HOST
Asupercont1.304m196_1137723_1127515***Gypsy_3	Ae_aeg_Aag2_ctg_1913/ctg_1913:32874-42874	59.73	370	147	1	211	580	7316	6213	0.0	473.0	pos	Asupercont1.304m196_1137723_1127515***Gypsy_3	HOST
Asupercont1.304m196_1137723_1127515***Gypsy_3	Ae_aeg_Aag2_ctg_1913/ctg_1913:92201-102201	52.688	93	42	1	489	581	9429	9157	0.0	97.1	pos	Asupercont1.304m196_1137723_1127515***Gypsy_3	HOST
Asupercont1.304m196_1137723_1127515***Gypsy_3	Ae_aeg_Aag2_ctg_1913/ctg_1913:32874-42874	52.683	205	89	4	1	204	7926	7333	0.0	201.0	pos	Asupercont1.304m196_1137723_1127515***Gypsy_3	HOST
Asupercont1.304p163_899027_903997***Gypsy_1	Ae_aeg_Aag2_ctg_1913/ctg_1913:99902-109902	38.614	101	62	0	599	699	2854	2552	0.0	57.8	pos	Asupercont1.304p163_899027_903997***Gypsy_1	HOST
Asupercont1.304p163_899027_903997***Gypsy_1	Ae_aeg_Aag2_ctg_1913/ctg_1913:99902-109902	66.667	132	38	2	465	595	3263	2883	0.0	176.0	pos	Asupercont1.304p163_899027_903997***Gypsy_1	HOST
Asupercont1.304p163_899027_903997***Gypsy_1	Ae_aeg_Aag2_ctg_1913/ctg_1913:37949-47949	62.006	329	125	0	696	1024	2241	1255	0.0	438.0	pos	Asupercont1.304p163_899027_903997***Gypsy_1	HOST
Asupercont1.304p163_899027_903997***Gypsy_1	Ae_aeg_Aag2_ctg_1913/ctg_1913:99902-109902	64.0	50	18	0	297	346	3779	3630	1.44e-14	71.2	pos	Asupercont1.304p163_899027_903997***Gypsy_1	HOST
Asupercont1.304p163_899027_903997***Gypsy_1	Ae_aeg_Aag2_ctg_1913/ctg_1913:37931-47931	65.124	605	203	4	86	689	4069	2276	0.0	817.0	pos	Asupercont1.304p163_899027_903997***Gypsy_1	HOST
Asupercont1.304p163_899027_903997***Gypsy_1	Ae_aeg_Aag2_ctg_1913/ctg_1913:92201-102201	45.098	51	28	0	974	1024	9429	9277	0.0	50.4	pos	Asupercont1.304p163_899027_903997***Gypsy_1	HOST
Asupercont1.304p163_899027_903997***Gypsy_1	Ae_aeg_Aag2_ctg_1913/ctg_1913:99902-109902	56.442	326	130	4	154	474	4203	3247	0.0	347.0	pos	Asupercont1.304p163_899027_903997***Gypsy_1	HOST
Asupercont1.304p163_899027_903997***Gypsy_1	Ae_aeg_Aag2_ctg_1913/ctg_1913:92201-102201	70.27	185	55	0	795	979	9965	9411	0.0	299.0	pos	Asupercont1.304p163_899027_903997***Gypsy_1	HOST
Asupercont1.326m201_1109641_1095670***Gypsy_4	Ae_aeg_Aag2_ctg_1913/ctg_1913:53670-63670	63.736	91	33	0	1	91	3119	2847	1.58e-38	129.0	pos	Asupercont1.326m201_1109641_1095670***Gypsy_4	HOST
Asupercont1.32p493_2658279_2665407***Gypsy_4	Ae_aeg_Aag2_ctg_1913/ctg_1913:32874-42874	84.536	194	30	0	1	194	9739	9158	0.0	347.0	pos	Asupercont1.32p493_2658279_2665407***Gypsy_4	HOST
Asupercont1.32p493_2658279_2665407***Gypsy_4	Ae_aeg_Aag2_ctg_1913/ctg_1913:99902-109902	32.407	108	67	3	718	821	2845	2528	0.0	47.8	pos	Asupercont1.32p493_2658279_2665407***Gypsy_4	HOST
Asupercont1.32p493_2658279_2665407***Gypsy_4	Ae_aeg_Aag2_ctg_1913/ctg_1913:114913-116197	40.0	75	43	1	609	681	1117	893	1.99e-18	63.2	pos	Asupercont1.32p493_2658279_2665407***Gypsy_4	HOST
Asupercont1.32p493_2658279_2665407***Gypsy_4	Ae_aeg_Aag2_ctg_1913/ctg_1913:99902-109902	56.522	46	20	0	423	468	3767	3630	2.22e-11	60.5	pos	Asupercont1.32p493_2658279_2665407***Gypsy_4	HOST
Asupercont1.32p493_2658279_2665407***Gypsy_4	Ae_aeg_Aag2_ctg_1913/ctg_1913:99902-109902	56.716	134	50	3	588	718	3260	2874	0.0	149.0	pos	Asupercont1.32p493_2658279_2665407***Gypsy_4	HOST
Asupercont1.32p493_2658279_2665407***Gypsy_4	Ae_aeg_Aag2_ctg_1913/ctg_1913:37949-47949	84.15	612	95	1	196	805	4087	2252	0.0	1070.0	pos	Asupercont1.32p493_2658279_2665407***Gypsy_4	HOST
Asupercont1.32p493_2658279_2665407***Gypsy_4	Ae_aeg_Aag2_ctg_1913/ctg_1913:99902-109902	53.727	322	139	4	279	596	4194	3247	0.0	315.0	pos	Asupercont1.32p493_2658279_2665407***Gypsy_4	HOST
Asupercont1.376p149_825357_831248***Gypsy_1	Ae_aeg_Aag2_ctg_1913/ctg_1913:99902-109902	72.755	323	76	4	112	429	4197	3250	0.0	437.0	pos	Asupercont1.376p149_825357_831248***Gypsy_1	HOST
Asupercont1.376p149_825357_831248***Gypsy_1	Ae_aeg_Aag2_ctg_1913/ctg_1913:32874-42874	56.25	368	161	0	659	1026	7316	6213	0.0	465.0	pos	Asupercont1.376p149_825357_831248***Gypsy_1	HOST
Asupercont1.376p149_825357_831248***Gypsy_1	Ae_aeg_Aag2_ctg_1913/ctg_1913:99902-109902	99.13	115	1	0	554	668	2878	2534	0.0	229.0	pos	Asupercont1.376p149_825357_831248***Gypsy_1	HOST
Asupercont1.376p149_825357_831248***Gypsy_1	Ae_aeg_Aag2_ctg_1913/ctg_1913:99902-109902	91.304	46	4	0	257	302	3767	3630	9.55e-21	91.7	pos	Asupercont1.376p149_825357_831248***Gypsy_1	HOST
Asupercont1.376p149_825357_831248***Gypsy_1	Ae_aeg_Aag2_ctg_1913/ctg_1913:92201-102201	99.459	185	1	0	758	942	9965	9411	0.0	388.0	pos	Asupercont1.376p149_825357_831248***Gypsy_1	HOST
Asupercont1.376p149_825357_831248***Gypsy_1	Ae_aeg_Aag2_ctg_1913/ctg_1913:99902-109902	88.889	135	10	1	422	556	3260	2871	0.0	239.0	pos	Asupercont1.376p149_825357_831248***Gypsy_1	HOST
Asupercont1.376p149_825357_831248***Gypsy_1	Ae_aeg_Aag2_ctg_1913/ctg_1913:99902-109902	95.652	92	2	1	938	1027	1731	1456	0.0	172.0	pos	Asupercont1.376p149_825357_831248***Gypsy_1	HOST
Asupercont1.376p149_825357_831248***Gypsy_1	Ae_aeg_Aag2_ctg_1913/ctg_1913:37949-47949	58.942	643	246	7	32	672	4081	2201	0.0	760.0	pos	Asupercont1.376p149_825357_831248***Gypsy_1	HOST
Asupercont1.376p149_825357_831248***Gypsy_1	Ae_aeg_Aag2_ctg_1913/ctg_1913:114913-116197	53.488	43	20	0	394	436	1263	1135	2.62e-23	42.7	pos	Asupercont1.376p149_825357_831248***Gypsy_1	HOST
Asupercont1.400m68_391826_389101***Bel-Pao_2	Ae_aeg_Aag2_ctg_1913/ctg_1913:53670-63670	32.609	92	62	0	1	92	2191	1916	2.11e-13	58.2	pos	Asupercont1.400m68_391826_389101***Bel-Pao_2	HOST
Asupercont1.444p6_28119_39825***Gypsy_4	Ae_aeg_Aag2_ctg_1913/ctg_1913:37931-47931	79.832	357	72	0	99	455	3340	2270	0.0	592.0	pos	Asupercont1.444p6_28119_39825***Gypsy_4	HOST
Asupercont1.444p6_28119_39825***Gypsy_4	Ae_aeg_Aag2_ctg_1913/ctg_1913:99902-109902	59.694	196	79	0	559	754	2264	1677	0.0	266.0	pos	Asupercont1.444p6_28119_39825***Gypsy_4	HOST
Asupercont1.444p6_28119_39825***Gypsy_4	Ae_aeg_Aag2_ctg_1913/ctg_1913:99902-109902	63.566	129	47	0	115	243	3636	3250	0.0	186.0	pos	Asupercont1.444p6_28119_39825***Gypsy_4	HOST
Asupercont1.444p6_28119_39825***Gypsy_4	Ae_aeg_Aag2_ctg_1913/ctg_1913:99902-109902	57.463	134	51	2	236	368	3260	2874	0.0	156.0	pos	Asupercont1.444p6_28119_39825***Gypsy_4	HOST
Asupercont1.444p6_28119_39825***Gypsy_4	Ae_aeg_Aag2_ctg_1913/ctg_1913:92201-102201	45.055	91	48	1	739	827	9432	9160	4.04e-18	82.4	pos	Asupercont1.444p6_28119_39825***Gypsy_4	HOST
Asupercont1.444p6_28119_39825***Gypsy_4	Ae_aeg_Aag2_ctg_1913/ctg_1913:32874-42874	84.906	371	56	0	458	828	7322	6210	0.0	675.0	pos	Asupercont1.444p6_28119_39825***Gypsy_4	HOST
Asupercont1.444p6_28119_39825***Gypsy_4	Ae_aeg_Aag2_ctg_1913/ctg_1913:99902-109902	32.407	108	67	3	368	471	2845	2528	0.0	47.8	pos	Asupercont1.444p6_28119_39825***Gypsy_4	HOST
Asupercont1.465m155_928562_921159***Gypsy_4	Ae_aeg_Aag2_ctg_1913/ctg_1913:32874-42874	68.571	140	44	0	25	164	9042	8623	0.0	200.0	pos	Asupercont1.465m155_928562_921159***Gypsy_4	HOST
Asupercont1.48p554_3060905_3068764***Gypsy_7	Ae_aeg_Aag2_ctg_1913/ctg_1913:32874-42874	24.315	292	202	7	30	313	7187	6345	2.14e-24	98.2	pos	Asupercont1.48p554_3060905_3068764***Gypsy_7	HOST
Asupercont1.4p857_4790765_4796286***Gypsy_3	Ae_aeg_Aag2_ctg_1913/ctg_1913:114913-116197	67.925	53	17	0	482	534	1272	1114	5.68e-16	68.6	pos	Asupercont1.4p857_4790765_4796286***Gypsy_3	HOST
Asupercont1.4p857_4790765_4796286***Gypsy_3	Ae_aeg_Aag2_ctg_1913/ctg_1913:37949-47949	40.605	463	261	2	146	608	3970	2624	0.0	361.0	pos	Asupercont1.4p857_4790765_4796286***Gypsy_3	HOST
Asupercont1.4p857_4790765_4796286***Gypsy_3	Ae_aeg_Aag2_ctg_1913/ctg_1913:32874-42874	24.365	197	141	4	759	949	7145	6561	1.34e-08	51.6	pos	Asupercont1.4p857_4790765_4796286***Gypsy_3	HOST
Asupercont1.4p857_4790765_4796286***Gypsy_3	Ae_aeg_Aag2_ctg_1913/ctg_1913:114913-116197	88.043	92	11	0	524	615	1147	872	0.0	179.0	pos	Asupercont1.4p857_4790765_4796286***Gypsy_3	HOST
Asupercont1.4p857_4790765_4796286***Gypsy_3	Ae_aeg_Aag2_ctg_1913/ctg_1913:114913-116197	79.365	63	13	0	622	684	851	663	0.0	107.0	pos	Asupercont1.4p857_4790765_4796286***Gypsy_3	HOST
Asupercont1.5p305_1506293_1510800***Gypsy_1	Ae_aeg_Aag2_ctg_1913/ctg_1913:114913-116197	48.101	79	41	0	614	692	1117	881	1.9e-23	78.6	pos	Asupercont1.5p305_1506293_1510800***Gypsy_1	HOST
Asupercont1.5p305_1506293_1510800***Gypsy_1	Ae_aeg_Aag2_ctg_1913/ctg_1913:99902-109902	88.148	135	11	1	593	727	3260	2871	0.0	238.0	pos	Asupercont1.5p305_1506293_1510800***Gypsy_1	HOST
Asupercont1.5p305_1506293_1510800***Gypsy_1	Ae_aeg_Aag2_ctg_1913/ctg_1913:99902-109902	49.393	247	105	6	147	383	4609	3899	1.57e-42	160.0	pos	Asupercont1.5p305_1506293_1510800***Gypsy_1	HOST
Asupercont1.5p305_1506293_1510800***Gypsy_1	Ae_aeg_Aag2_ctg_1913/ctg_1913:99902-109902	97.333	75	2	0	725	799	2878	2654	0.0	147.0	pos	Asupercont1.5p305_1506293_1510800***Gypsy_1	HOST
Asupercont1.5p305_1506293_1510800***Gypsy_1	Ae_aeg_Aag2_ctg_1913/ctg_1913:99902-109902	91.304	46	4	0	428	473	3767	3630	5.4e-21	91.7	pos	Asupercont1.5p305_1506293_1510800***Gypsy_1	HOST
Asupercont1.5p305_1506293_1510800***Gypsy_1	Ae_aeg_Aag2_ctg_1913/ctg_1913:99902-109902	81.716	268	28	4	1	257	5048	4275	0.0	414.0	pos	Asupercont1.5p305_1506293_1510800***Gypsy_1	HOST
Asupercont1.5p305_1506293_1510800***Gypsy_1	Ae_aeg_Aag2_ctg_1913/ctg_1913:32874-42874	61.269	599	218	5	203	799	9156	7396	0.0	754.0	pos	Asupercont1.5p305_1506293_1510800***Gypsy_1	HOST
Asupercont1.63p125_666753_679304***Gypsy_2	Ae_aeg_Aag2_ctg_1913/ctg_1913:92201-102201	95.652	92	2	1	390	479	9432	9157	0.0	171.0	pos	Asupercont1.63p125_666753_679304***Gypsy_2	HOST
Asupercont1.63p125_666753_679304***Gypsy_2	Ae_aeg_Aag2_ctg_1913/ctg_1913:32874-42874	56.522	368	160	0	111	478	7316	6213	0.0	467.0	pos	Asupercont1.63p125_666753_679304***Gypsy_2	HOST
Asupercont1.63p125_666753_679304***Gypsy_2	Ae_aeg_Aag2_ctg_1913/ctg_1913:92201-102201	100.0	185	0	0	210	394	9965	9411	0.0	392.0	pos	Asupercont1.63p125_666753_679304***Gypsy_2	HOST
Asupercont1.63p125_666753_679304***Gypsy_2	Ae_aeg_Aag2_ctg_1913/ctg_1913:99902-109902	99.13	115	1	0	6	120	2878	2534	0.0	229.0	pos	Asupercont1.63p125_666753_679304***Gypsy_2	HOST
Asupercont1.646m0_18038_8448***Bel-Pao_1	Ae_aeg_Aag2_ctg_1913/ctg_1913:99902-109902	100.0	185	0	0	143	327	2264	1710	0.0	390.0	pos	Asupercont1.646m0_18038_8448***Bel-Pao_1	HOST
Asupercont1.646m0_18038_8448***Bel-Pao_1	Ae_aeg_Aag2_ctg_1913/ctg_1913:32874-42874	56.522	368	160	0	44	411	7316	6213	0.0	468.0	pos	Asupercont1.646m0_18038_8448***Bel-Pao_1	HOST
Asupercont1.646m0_18038_8448***Bel-Pao_1	Ae_aeg_Aag2_ctg_1913/ctg_1913:92201-102201	95.604	91	2	1	323	411	9432	9160	0.0	169.0	pos	Asupercont1.646m0_18038_8448***Bel-Pao_1	HOST
Asupercont1.687m66_384006_378819***Gypsy_5	Ae_aeg_Aag2_ctg_1913/ctg_1913:37931-47931	87.5	488	61	0	1	488	3952	2489	0.0	895.0	pos	Asupercont1.687m66_384006_378819***Gypsy_5	HOST
Asupercont1.687m66_384006_378819***Gypsy_5	Ae_aeg_Aag2_ctg_1913/ctg_1913:99902-109902	58.209	134	50	2	342	474	3260	2874	0.0	157.0	pos	Asupercont1.687m66_384006_378819***Gypsy_5	HOST
Asupercont1.779m17_183545_178665***Gypsy_4	Ae_aeg_Aag2_ctg_1913/ctg_1913:99902-109902	56.522	46	20	0	423	468	3767	3630	6.02e-12	61.6	pos	Asupercont1.779m17_183545_178665***Gypsy_4	HOST
Asupercont1.779m17_183545_178665***Gypsy_4	Ae_aeg_Aag2_ctg_1913/ctg_1913:99902-109902	55.14	321	134	4	279	595	4194	3250	0.0	327.0	pos	Asupercont1.779m17_183545_178665***Gypsy_4	HOST
Asupercont1.779m17_183545_178665***Gypsy_4	Ae_aeg_Aag2_ctg_1913/ctg_1913:99902-109902	67.391	46	15	0	597	642	3248	3111	0.0	73.6	pos	Asupercont1.779m17_183545_178665***Gypsy_4	HOST
Asupercont1.779m17_183545_178665***Gypsy_4	Ae_aeg_Aag2_ctg_1913/ctg_1913:32874-42874	99.553	447	2	0	196	642	9162	7822	0.0	931.0	pos	Asupercont1.779m17_183545_178665***Gypsy_4	HOST
Asupercont1.779m17_183545_178665***Gypsy_4	Ae_aeg_Aag2_ctg_1913/ctg_1913:37931-47931	100.0	194	0	0	1	194	4682	4101	0.0	405.0	pos	Asupercont1.779m17_183545_178665***Gypsy_4	HOST
Asupercont1.779m17_183545_178665***Gypsy_4	Ae_aeg_Aag2_ctg_1913/ctg_1913:114913-116197	45.455	33	18	0	609	641	1117	1019	2.05e-11	39.7	pos	Asupercont1.779m17_183545_178665***Gypsy_4	HOST
Asupercont1.779p19_191408_209572***Gypsy_4	Ae_aeg_Aag2_ctg_1913/ctg_1913:37949-47949	98.276	348	6	0	804	1151	2265	1222	0.0	708.0	pos	Asupercont1.779p19_191408_209572***Gypsy_4	HOST
Asupercont1.779p19_191408_209572***Gypsy_4	Ae_aeg_Aag2_ctg_1913/ctg_1913:37931-47931	99.674	613	2	0	196	808	4105	2267	0.0	1265.0	pos	Asupercont1.779p19_191408_209572***Gypsy_4	HOST
Asupercont1.779p19_191408_209572***Gypsy_4	Ae_aeg_Aag2_ctg_1913/ctg_1913:92201-102201	41.935	62	36	0	1090	1151	9429	9244	1.83e-10	58.2	pos	Asupercont1.779p19_191408_209572***Gypsy_4	HOST
Asupercont1.779p19_191408_209572***Gypsy_4	Ae_aeg_Aag2_ctg_1913/ctg_1913:99902-109902	55.14	321	134	4	279	595	4194	3250	0.0	328.0	pos	Asupercont1.779p19_191408_209572***Gypsy_4	HOST
Asupercont1.779p19_191408_209572***Gypsy_4	Ae_aeg_Aag2_ctg_1913/ctg_1913:92201-102201	62.069	203	76	1	911	1112	9965	9357	0.0	275.0	pos	Asupercont1.779p19_191408_209572***Gypsy_4	HOST
Asupercont1.779p19_191408_209572***Gypsy_4	Ae_aeg_Aag2_ctg_1913/ctg_1913:114913-116197	40.0	75	45	0	609	683	1117	893	5.36e-19	66.6	pos	Asupercont1.779p19_191408_209572***Gypsy_4	HOST
Asupercont1.779p19_191408_209572***Gypsy_4	Ae_aeg_Aag2_ctg_1913/ctg_1913:99902-109902	56.522	46	20	0	423	468	3767	3630	1.56e-11	61.6	pos	Asupercont1.779p19_191408_209572***Gypsy_4	HOST
Asupercont1.779p19_191408_209572***Gypsy_4	Ae_aeg_Aag2_ctg_1913/ctg_1913:32874-42874	100.0	194	0	0	1	194	9739	9158	0.0	408.0	pos	Asupercont1.779p19_191408_209572***Gypsy_4	HOST
Asupercont1.779p19_191408_209572***Gypsy_4	Ae_aeg_Aag2_ctg_1913/ctg_1913:99902-109902	65.766	111	37	1	597	706	3248	2916	0.0	155.0	pos	Asupercont1.779p19_191408_209572***Gypsy_4	HOST
Asupercont1.824p25_158823_164706***Gypsy_3	Ae_aeg_Aag2_ctg_1913/ctg_1913:92201-102201	95.652	92	2	1	460	549	9432	9157	0.0	171.0	pos	Asupercont1.824p25_158823_164706***Gypsy_3	HOST
Asupercont1.824p25_158823_164706***Gypsy_3	Ae_aeg_Aag2_ctg_1913/ctg_1913:99902-109902	99.13	115	1	0	76	190	2878	2534	0.0	229.0	pos	Asupercont1.824p25_158823_164706***Gypsy_3	HOST
Asupercont1.824p25_158823_164706***Gypsy_3	Ae_aeg_Aag2_ctg_1913/ctg_1913:92201-102201	99.459	185	1	0	280	464	9965	9411	0.0	393.0	pos	Asupercont1.824p25_158823_164706***Gypsy_3	HOST
Asupercont1.824p25_158823_164706***Gypsy_3	Ae_aeg_Aag2_ctg_1913/ctg_1913:32874-42874	56.522	368	160	0	181	548	7316	6213	0.0	470.0	pos	Asupercont1.824p25_158823_164706***Gypsy_3	HOST
Asupercont1.832p13_157432_159436***Gypsy_1	Ae_aeg_Aag2_ctg_1913/ctg_1913:92201-102201	95.652	92	2	1	32	121	9432	9157	0.0	169.0	pos	Asupercont1.832p13_157432_159436***Gypsy_1	HOST
Asupercont1.90m135_717056_707807***Bel-Pao_2	Ae_aeg_Aag2_ctg_1913/ctg_1913:13699-23699	30.887	327	194	12	929	1242	4095	3172	1.75e-38	110.0	pos	Asupercont1.90m135_717056_707807***Bel-Pao_2	HOST
Asupercont1.90m135_717056_707807***Bel-Pao_2	Ae_aeg_Aag2_ctg_1913/ctg_1913:13699-23699	37.037	162	99	2	1965	2125	1391	912	3.63e-43	109.0	pos	Asupercont1.90m135_717056_707807***Bel-Pao_2	HOST
Asupercont1.90m135_717056_707807***Bel-Pao_2	Ae_aeg_Aag2_ctg_1913/ctg_1913:92201-102201	40.559	143	85	0	517	659	4027	3599	5.43e-25	107.0	pos	Asupercont1.90m135_717056_707807***Bel-Pao_2	HOST
Asupercont1.90m135_717056_707807***Bel-Pao_2	Ae_aeg_Aag2_ctg_1913/ctg_1913:37949-47949	30.047	213	135	3	2138	2340	3133	2507	2.62e-23	102.0	pos	Asupercont1.90m135_717056_707807***Bel-Pao_2	HOST
Asupercont1.90m135_717056_707807***Bel-Pao_2	Ae_aeg_Aag2_ctg_1913/ctg_1913:92201-102201	40.541	148	86	2	1099	1246	2303	1866	0.0	114.0	pos	Asupercont1.90m135_717056_707807***Bel-Pao_2	HOST
Asupercont1.90m135_717056_707807***Bel-Pao_2	Ae_aeg_Aag2_ctg_1913/ctg_1913:37949-47949	24.581	358	234	12	2341	2679	2262	1240	1.07e-22	99.8	pos	Asupercont1.90m135_717056_707807***Bel-Pao_2	HOST
Asupercont1.90m135_717056_707807***Bel-Pao_2	Ae_aeg_Aag2_ctg_1913/ctg_1913:92201-102201	46.471	170	85	3	1237	1405	1896	1402	1.68e-37	148.0	pos	Asupercont1.90m135_717056_707807***Bel-Pao_2	HOST
Asupercont1.90m135_717056_707807***Bel-Pao_2	Ae_aeg_Aag2_ctg_1913/ctg_1913:70767-80767	34.653	101	65	1	1841	1940	1384	1082	0.0	74.7	pos	Asupercont1.90m135_717056_707807***Bel-Pao_2	HOST
Asupercont1.90m135_717056_707807***Bel-Pao_2	Ae_aeg_Aag2_ctg_1913/ctg_1913:13699-23699	32.402	358	225	8	1168	1518	3397	2354	0.0	160.0	pos	Asupercont1.90m135_717056_707807***Bel-Pao_2	HOST
Asupercont1.90m135_717056_707807***Bel-Pao_2	Ae_aeg_Aag2_ctg_1913/ctg_1913:70767-80767	42.553	47	27	0	1758	1804	1551	1411	0.0	50.1	pos	Asupercont1.90m135_717056_707807***Bel-Pao_2	HOST
Asupercont1.90m135_717056_707807***Bel-Pao_2	Ae_aeg_Aag2_ctg_1913/ctg_1913:99902-109902	23.529	153	116	1	2443	2594	2264	1806	1.82e-15	66.6	pos	Asupercont1.90m135_717056_707807***Bel-Pao_2	HOST
Asupercont1.90m135_717056_707807***Bel-Pao_2	Ae_aeg_Aag2_ctg_1913/ctg_1913:13699-23699	46.269	67	35	1	853	919	4318	4121	1.75e-38	51.2	pos	Asupercont1.90m135_717056_707807***Bel-Pao_2	HOST
Asupercont1.90m135_717056_707807***Bel-Pao_2	Ae_aeg_Aag2_ctg_1913/ctg_1913:70767-80767	30.137	146	89	4	1616	1761	1937	1539	0.0	63.9	pos	Asupercont1.90m135_717056_707807***Bel-Pao_2	HOST
Asupercont1.90m135_717056_707807***Bel-Pao_2	Ae_aeg_Aag2_ctg_1913/ctg_1913:37931-47931	38.356	73	41	1	1397	1469	8276	8070	1.39e-08	53.1	pos	Asupercont1.90m135_717056_707807***Bel-Pao_2	HOST
Asupercont1.90m135_717056_707807***Bel-Pao_2	Ae_aeg_Aag2_ctg_1913/ctg_1913:114913-116197	33.663	101	65	2	2213	2313	1183	887	3.74e-11	60.5	pos	Asupercont1.90m135_717056_707807***Bel-Pao_2	HOST
Asupercont1.90m135_717056_707807***Bel-Pao_2	Ae_aeg_Aag2_ctg_1913/ctg_1913:13699-23699	41.525	118	61	3	1528	1645	2297	1968	0.0	86.7	pos	Asupercont1.90m135_717056_707807***Bel-Pao_2	HOST
Asupercont1.90m135_717056_707807***Bel-Pao_2	Ae_aeg_Aag2_ctg_1913/ctg_1913:92201-102201	28.926	363	227	14	736	1081	3399	2353	0.0	132.0	pos	Asupercont1.90m135_717056_707807***Bel-Pao_2	HOST
